id_tipologia,tipologia,total_atenciones
38,Orientación y/o Apoyo Integral,115
11,Violencia en el Sistema Educativo,24
9,Violencia Física,23
14,Falta de Provisión Adecuada y Oportuna,22
7,Ausencia de Reconocimiento de Filiación,21
39,Violación,19
41,Abuso Sexual,16
42,Estupro,10
10,Violencia Psicólogica,8
26,Adolescentes con Responsabilidad Penal,7
31,Conducta Agresiva,6
13,Abandono Emocional o Psico-afectivo,6
21,Protección Laboral para Adolescentes Trabajadores Mayores de 14 Años,5
2,Conflictos de Guarda,4
33,Consumo de Drogas,4
65,Abandono a Niñas o Niños,3
35,Intento de Suicidio,2
5,Imposibilidad de Deberes por Causa Ajena,2
47,Proxenetismo,1
60,Lesiones Graves y Leves,1
1,Asistencia Familiar,1
32,Consumo de Alcohol,1
4,Extravío,1
78,Explotación Laboral de NNA,1
20,"Trabajos Prohibidos, peligrosos, Insalubres y Atentatorios a la Dignidad",0
22,Infracciones al Derecho de Protección en Relación al Trabajo,0
18,Traslado y Retención Arbitraria de NNA,0
17,Inducción a NNA al Consumo de Substancias Dañinas a la Salud,0
16,Utilización de NNA en Medida de Hecho,0
15,Utilización de NNA en Conflictos Familiares,0
12,Sometimiento a castigo Físico,0
8,Filiacion Judicial,0
3,Abandono NNA,0
6,Orfandad Absoluta,0
34,Participacion en Pandillas,0
28,Vulneración de los Derechos y Garantias de NNA con Madre o Padre Privados de Libertad,0
29,Restricción de los Derechos de NNA con Discapacidad,0
30,"Restricción al Derecho a la Recreación Esparcimiento, Deporte y Juego",0
27,"Restricción a Libertad de Expresión, a la Libre Participacion y a la Posibilidad de Interponer Petición",0
23,Expulsión,0
24,Restricción a la Educación,0
25,Restricción a la Salud,0
19,Exigencia de Actividades en la Familia que Pongan en Riesgo al NNA,0
40,"Violación de Infante, NNA",0
45,Corrupción Agravada,0
43,Rapto,0
46,Acoso Sexual,0
48,Violencia Sexual Comercial,0
37,Abandono Escolar,0
44,Corrupción NNA,0
50,Asesinato,0
49,Homicidio,0
51,Infanticidio,0
52,Aborto,0
55,Aborto Impune,0
56,Aborto Preterintencional,0
53,Aborto seguido de Lesión o Muerte,0
54,Aborto Honoris Causa,0
58,Aborto Culposo,0
57,Aborto Forzado,0
61,Lesion seguida de Muerte,0
59,Lesiones Gravísimas,0
62,Lesiones Culposas,0
63,Contagio de Enfermedades de Transmisión Sexual o VIH SIDA,0
64,Alteración Genética,0
36,Abandono de Hogar,0
66,Denegación de Auxilio,0
67,Difamación,0
69,Propalación de Ofensa,0
68,Calumnia,0
71,Reducción a la Esclavitud o Estado Análogo,0
72,Secuestro,0
73,Privación de Libertad,0
70,Injuria,0
74,Amenazas,0
75,Coacción,0
76,Vejaciones y Torturas,0
77,Atentados contra la Libertad de Enseñanza,0
79,Atentados contra la Libertad de Trabajo,0
80,Alteración o Sustitución del Estado Civil,0
81,Sustracción de un Menor o Incapaz,0
82,Inducción a la Fuga de un NNA o Juridicamente Incapaz,0
83,Abandono de Familia,0
84,Incumplimiento de Deberes de Asistencia,0
85,Abandono de Mujer Embarazada,0
86,Respaldo Legal,0
87,Prohibiciones,0
88,Actividades en el Marco Familiar,0
89,Actividades Comunitarias Familiares,0
90,Edad Mínima para Trabajar,0
91,Extorsión,0
92,Engaño a Personas Incapaces,0
93,Tentativa,0
94,Trata de Personas,0
95,Tráfico de Personas,0
96,Pornografía,0
97,"Revelación de Identidad de Víctimas, Testigos o Denunciantes",0
98,Omisión de Denuncia,0
